version,version_name,category,category_name,file,original,width,height,source_top,source_bottom
1,首版综合,01-hero,首屏,01-hero/v01-hero.png,originals/v01.png,774,568,0,568
2,明亮发布,01-hero,首屏,01-hero/v02-hero.png,originals/v02.png,814,532,0,532
3,深色荒野,01-hero,首屏,01-hero/v03-hero.png,originals/v03.png,793,554,0,554
4,精密工程,01-hero,首屏,01-hero/v04-hero.png,originals/v04.png,867,500,0,500
5,黑白画册,01-hero,首屏,01-hero/v05-hero.png,originals/v05.png,822,575,0,575
6,地形档案,01-hero,首屏,01-hero/v06-hero.png,originals/v06.png,746,568,0,568
7,晨曦远征,01-hero,首屏,01-hero/v07-hero.png,originals/v07.png,839,675,0,675
8,杂志封面,01-hero,首屏,01-hero/v08-hero.png,originals/v08.png,725,576,0,576
9,全屏电影,01-hero,首屏,01-hero/v09-hero.png,originals/v09.png,748,407,0,407
10,工业说明书,01-hero,首屏,01-hero/v10-hero.png,originals/v10.png,1024,515,0,515
11,户外目录,01-hero,首屏,01-hero/v11-hero.png,originals/v11.png,768,484,0,484
12,瑞士网格,01-hero,首屏,01-hero/v12-hero.png,originals/v12.png,1024,509,0,509
13,日系精密,01-hero,首屏,01-hero/v13-hero.png,originals/v13.png,1024,511,0,511
14,黑橙先锋,01-hero,首屏,01-hero/v14-hero.png,originals/v14.png,776,608,0,608
15,地形图谱,01-hero,首屏,01-hero/v15-hero.png,originals/v15.png,772,438,0,438
16,故事卷轴,01-hero,首屏,01-hero/v16-hero.png,originals/v16.png,830,459,0,459
18,天气窗口,01-hero,首屏,01-hero/v18-hero.png,replacement-sources/v18-hero.png,2172,724,0,724
19,野外实验室,01-hero,首屏,01-hero/v19-hero.png,replacement-sources/v19-hero.png,2172,724,0,724
20,创作者远征日志,01-hero,首屏,01-hero/v20-hero.png,replacement-sources/v20-hero.png,2172,724,0,724
21,视线走廊,01-hero,首屏,01-hero/v21-hero.png,replacement-sources/v21-hero.png,2172,724,0,724
22,创作者视角,01-hero,首屏,01-hero/v22-hero.png,replacement-sources/v22-hero.png,2164,727,0,727
23,远方坐标,01-hero,首屏,01-hero/v23-hero.png,replacement-sources/v23-hero.png,2172,724,0,724
1,首版综合,02-product,产品与结构,02-product/v01-product.png,originals/v01.png,774,264,568,832
2,明亮发布,02-product,产品与结构,02-product/v02-product.png,originals/v02.png,814,328,532,860
3,深色荒野,02-product,产品与结构,02-product/v03-product.png,originals/v03.png,793,299,554,853
4,精密工程,02-product,产品与结构,02-product/v04-product.png,originals/v04.png,867,322,500,822
5,黑白画册,02-product,产品与结构,02-product/v05-product.png,originals/v05.png,822,330,575,905
6,地形档案,02-product,产品与结构,02-product/v06-product.png,originals/v06.png,746,399,568,967
7,晨曦远征,02-product,产品与结构,02-product/v07-product.png,originals/v07.png,839,290,675,965
8,杂志封面,02-product,产品与结构,02-product/v08-product.png,originals/v08.png,725,291,576,867
9,全屏电影,02-product,产品与结构,02-product/v09-product.png,originals/v09.png,748,292,407,699
10,工业说明书,02-product,产品与结构,02-product/v10-product.png,originals/v10.png,1024,489,515,1004
11,户外目录,02-product,产品与结构,02-product/v11-product.png,originals/v11.png,768,208,484,692
12,瑞士网格,02-product,产品与结构,02-product/v12-product.png,originals/v12.png,1024,186,509,695
13,日系精密,02-product,产品与结构,02-product/v13-product.png,originals/v13.png,1024,265,511,776
14,黑橙先锋,02-product,产品与结构,02-product/v14-product.png,originals/v14.png,776,306,608,914
15,地形图谱,02-product,产品与结构,02-product/v15-product.png,originals/v15.png,772,222,438,660
16,故事卷轴,02-product,产品与结构,02-product/v16-product.png,originals/v16.png,830,440,459,899
18,天气窗口,02-product,产品与结构,02-product/v18-product.png,replacement-sources/v18-product.png,2169,725,0,725
19,野外实验室,02-product,产品与结构,02-product/v19-product.png,replacement-sources/v19-product.png,2172,724,0,724
20,创作者远征日志,02-product,产品与结构,02-product/v20-product.png,replacement-sources/v20-product.png,2172,724,0,724
21,视线走廊,02-product,产品与结构,02-product/v21-product.png,replacement-sources/v21-product.png,2172,724,0,724
22,创作者视角,02-product,产品与结构,02-product/v22-product.png,replacement-sources/v22-product.png,2172,724,0,724
23,远方坐标,02-product,产品与结构,02-product/v23-product.png,replacement-sources/v23-product.png,2172,724,0,724
1,首版综合,03-scenarios,使用场景,03-scenarios/v01-scenarios.png,originals/v01.png,774,303,832,1135
2,明亮发布,03-scenarios,使用场景,03-scenarios/v02-scenarios.png,originals/v02.png,814,277,860,1137
3,深色荒野,03-scenarios,使用场景,03-scenarios/v03-scenarios.png,originals/v03.png,793,283,853,1136
4,精密工程,03-scenarios,使用场景,03-scenarios/v04-scenarios.png,originals/v04.png,867,286,822,1108
5,黑白画册,03-scenarios,使用场景,03-scenarios/v05-scenarios.png,originals/v05.png,822,261,905,1166
6,地形档案,03-scenarios,使用场景,03-scenarios/v06-scenarios.png,originals/v06.png,746,359,967,1326
7,晨曦远征,03-scenarios,使用场景,03-scenarios/v07-scenarios.png,originals/v07.png,839,273,965,1238
8,杂志封面,03-scenarios,使用场景,03-scenarios/v08-scenarios.png,originals/v08.png,725,287,867,1154
9,全屏电影,03-scenarios,使用场景,03-scenarios/v09-scenarios.png,originals/v09.png,748,332,699,1031
10,工业说明书,03-scenarios,使用场景,03-scenarios/v10-scenarios.png,originals/v10.png,1024,205,1004,1209
11,户外目录,03-scenarios,使用场景,03-scenarios/v11-scenarios.png,originals/v11.png,768,235,692,927
12,瑞士网格,03-scenarios,使用场景,03-scenarios/v12-scenarios.png,originals/v12.png,1024,181,695,876
13,日系精密,03-scenarios,使用场景,03-scenarios/v13-scenarios.png,originals/v13.png,1024,210,776,986
14,黑橙先锋,03-scenarios,使用场景,03-scenarios/v14-scenarios.png,originals/v14.png,776,261,914,1175
15,地形图谱,03-scenarios,使用场景,03-scenarios/v15-scenarios.png,originals/v15.png,772,716,660,1376
16,故事卷轴,03-scenarios,使用场景,03-scenarios/v16-scenarios.png,originals/v16.png,830,220,899,1119
18,天气窗口,03-scenarios,使用场景,03-scenarios/v18-scenarios.png,replacement-sources/v18-scenarios.png,2172,724,0,724
19,野外实验室,03-scenarios,使用场景,03-scenarios/v19-scenarios.png,replacement-sources/v19-scenarios.png,2172,724,0,724
20,创作者远征日志,03-scenarios,使用场景,03-scenarios/v20-scenarios.png,replacement-sources/v20-scenarios.png,2172,724,0,724
21,视线走廊,03-scenarios,使用场景,03-scenarios/v21-scenarios.png,replacement-sources/v21-scenarios.png,2172,724,0,724
22,创作者视角,03-scenarios,使用场景,03-scenarios/v22-scenarios.png,replacement-sources/v22-scenarios.png,2172,724,0,724
23,远方坐标,03-scenarios,使用场景,03-scenarios/v23-scenarios.png,replacement-sources/v23-scenarios.png,2172,724,0,724
1,首版综合,04-in-the-box,包装清单,04-in-the-box/v01-in-the-box.png,originals/v01.png,774,303,1135,1438
2,明亮发布,04-in-the-box,包装清单,04-in-the-box/v02-in-the-box.png,originals/v02.png,814,323,1137,1460
3,深色荒野,04-in-the-box,包装清单,04-in-the-box/v03-in-the-box.png,originals/v03.png,793,295,1136,1431
4,精密工程,04-in-the-box,包装清单,04-in-the-box/v04-in-the-box.png,originals/v04.png,867,225,1108,1333
5,黑白画册,04-in-the-box,包装清单,04-in-the-box/v05-in-the-box.png,originals/v05.png,822,217,1166,1383
6,地形档案,04-in-the-box,包装清单,04-in-the-box/v06-in-the-box.png,originals/v06.png,746,273,1326,1599
7,晨曦远征,04-in-the-box,包装清单,04-in-the-box/v07-in-the-box.png,originals/v07.png,839,236,1238,1474
8,杂志封面,04-in-the-box,包装清单,04-in-the-box/v08-in-the-box.png,originals/v08.png,725,307,1154,1461
9,全屏电影,04-in-the-box,包装清单,04-in-the-box/v09-in-the-box.png,replacement-sources/v09-in-the-box.png,2172,724,0,724
10,工业说明书,04-in-the-box,包装清单,04-in-the-box/v10-in-the-box.png,replacement-sources/v10-in-the-box.png,2172,724,0,724
11,户外目录,04-in-the-box,包装清单,04-in-the-box/v11-in-the-box.png,replacement-sources/v11-in-the-box.png,2172,724,0,724
12,瑞士网格,04-in-the-box,包装清单,04-in-the-box/v12-in-the-box.png,originals/v12.png,1024,188,876,1064
13,日系精密,04-in-the-box,包装清单,04-in-the-box/v13-in-the-box.png,originals/v13.png,1024,169,986,1155
14,黑橙先锋,04-in-the-box,包装清单,04-in-the-box/v14-in-the-box.png,originals/v14.png,776,316,1175,1491
15,地形图谱,04-in-the-box,包装清单,04-in-the-box/v15-in-the-box.png,originals/v15.png,772,212,1376,1588
16,故事卷轴,04-in-the-box,包装清单,04-in-the-box/v16-in-the-box.png,originals/v16.png,830,245,1119,1364
18,天气窗口,04-in-the-box,包装清单,04-in-the-box/v18-in-the-box.png,replacement-sources/v18-in-the-box.png,2172,724,0,724
19,野外实验室,04-in-the-box,包装清单,04-in-the-box/v19-in-the-box.png,replacement-sources/v19-in-the-box.png,2170,725,0,725
20,创作者远征日志,04-in-the-box,包装清单,04-in-the-box/v20-in-the-box.png,replacement-sources/v20-in-the-box.png,2172,724,0,724
21,视线走廊,04-in-the-box,包装清单,04-in-the-box/v21-in-the-box.png,replacement-sources/v21-in-the-box.png,2172,724,0,724
22,创作者视角,04-in-the-box,包装清单,04-in-the-box/v22-in-the-box.png,replacement-sources/v22-in-the-box.png,2172,724,0,724
23,远方坐标,04-in-the-box,包装清单,04-in-the-box/v23-in-the-box.png,replacement-sources/v23-in-the-box.png,2172,724,0,724
1,首版综合,05-purchase,版本选购,05-purchase/v01-purchase.png,originals/v01.png,774,313,1438,1751
2,明亮发布,05-purchase,版本选购,05-purchase/v02-purchase.png,originals/v02.png,814,263,1460,1723
3,深色荒野,05-purchase,版本选购,05-purchase/v03-purchase.png,originals/v03.png,793,345,1431,1776
4,精密工程,05-purchase,版本选购,05-purchase/v04-purchase.png,originals/v04.png,867,303,1333,1636
5,黑白画册,05-purchase,版本选购,05-purchase/v05-purchase.png,originals/v05.png,822,310,1383,1693
6,地形档案,05-purchase,版本选购,05-purchase/v06-purchase.png,originals/v06.png,746,264,1599,1863
7,晨曦远征,05-purchase,版本选购,05-purchase/v07-purchase.png,originals/v07.png,839,279,1474,1753
8,杂志封面,05-purchase,版本选购,05-purchase/v08-purchase.png,originals/v08.png,725,317,1461,1778
9,全屏电影,05-purchase,版本选购,05-purchase/v09-purchase.png,originals/v09.png,748,238,1580,1818
10,工业说明书,05-purchase,版本选购,05-purchase/v10-purchase.png,originals/v10.png,1024,185,1260,1445
11,户外目录,05-purchase,版本选购,05-purchase/v11-purchase.png,originals/v11.png,768,295,1250,1545
12,瑞士网格,05-purchase,版本选购,05-purchase/v12-purchase.png,originals/v12.png,1024,242,1064,1306
13,日系精密,05-purchase,版本选购,05-purchase/v13-purchase.png,originals/v13.png,1024,185,1155,1340
14,黑橙先锋,05-purchase,版本选购,05-purchase/v14-purchase.png,originals/v14.png,776,288,1491,1779
15,地形图谱,05-purchase,版本选购,05-purchase/v15-purchase.png,originals/v15.png,772,222,1588,1810
16,故事卷轴,05-purchase,版本选购,05-purchase/v16-purchase.png,originals/v16.png,830,244,1364,1608
18,天气窗口,05-purchase,版本选购,05-purchase/v18-purchase.png,replacement-sources/v18-purchase.png,2172,724,0,724
19,野外实验室,05-purchase,版本选购,05-purchase/v19-purchase.png,replacement-sources/v19-purchase.png,2172,724,0,724
20,创作者远征日志,05-purchase,版本选购,05-purchase/v20-purchase.png,replacement-sources/v20-purchase.png,2172,724,0,724
21,视线走廊,05-purchase,版本选购,05-purchase/v21-purchase.png,replacement-sources/v21-purchase.png,2172,724,0,724
22,创作者视角,05-purchase,版本选购,05-purchase/v22-purchase.png,replacement-sources/v22-purchase.png,2172,724,0,724
23,远方坐标,05-purchase,版本选购,05-purchase/v23-purchase.png,replacement-sources/v23-purchase.png,2172,724,0,724
1,首版综合,06-benefits,服务保障,06-benefits/v01-benefits.png,originals/v01.png,774,169,1751,1920
2,明亮发布,06-benefits,服务保障,06-benefits/v02-benefits.png,originals/v02.png,814,91,1723,1814
3,深色荒野,06-benefits,服务保障,06-benefits/v03-benefits.png,originals/v03.png,793,146,1776,1922
4,精密工程,06-benefits,服务保障,06-benefits/v04-benefits.png,originals/v04.png,867,92,1636,1728
5,黑白画册,06-benefits,服务保障,06-benefits/v05-benefits.png,originals/v05.png,822,140,1693,1833
7,晨曦远征,06-benefits,服务保障,06-benefits/v07-benefits.png,replacement-sources/v07-benefits.png,2172,724,0,724
8,杂志封面,06-benefits,服务保障,06-benefits/v08-benefits.png,originals/v08.png,725,187,1778,1965
9,全屏电影,06-benefits,服务保障,06-benefits/v09-benefits.png,originals/v09.png,748,210,1818,2028
10,工业说明书,06-benefits,服务保障,06-benefits/v10-benefits.png,replacement-sources/v10-benefits.png,2172,724,0,724
11,户外目录,06-benefits,服务保障,06-benefits/v11-benefits.png,originals/v11.png,768,312,1545,1857
12,瑞士网格,06-benefits,服务保障,06-benefits/v12-benefits.png,originals/v12.png,1024,147,1306,1453
13,日系精密,06-benefits,服务保障,06-benefits/v13-benefits.png,originals/v13.png,1024,85,1340,1425
14,黑橙先锋,06-benefits,服务保障,06-benefits/v14-benefits.png,originals/v14.png,776,188,1779,1967
15,地形图谱,06-benefits,服务保障,06-benefits/v15-benefits.png,originals/v15.png,772,156,1810,1966
16,故事卷轴,06-benefits,服务保障,06-benefits/v16-benefits.png,originals/v16.png,830,208,1608,1816
18,天气窗口,06-benefits,服务保障,06-benefits/v18-benefits.png,replacement-sources/v18-benefits.png,2172,724,0,724
19,野外实验室,06-benefits,服务保障,06-benefits/v19-benefits.png,replacement-sources/v19-benefits.png,2172,724,0,724
20,创作者远征日志,06-benefits,服务保障,06-benefits/v20-benefits.png,replacement-sources/v20-benefits.png,2172,724,0,724
21,视线走廊,06-benefits,服务保障,06-benefits/v21-benefits.png,replacement-sources/v21-benefits.png,2172,724,0,724
22,创作者视角,06-benefits,服务保障,06-benefits/v22-benefits.png,replacement-sources/v22-benefits.png,2172,724,0,724
23,远方坐标,06-benefits,服务保障,06-benefits/v23-benefits.png,replacement-sources/v23-benefits.png,2172,724,0,724
1,首版综合,07-footer,页脚,07-footer/v01-footer.png,originals/v01.png,774,112,1920,2032
2,明亮发布,07-footer,页脚,07-footer/v02-footer.png,originals/v02.png,814,117,1814,1931
3,深色荒野,07-footer,页脚,07-footer/v03-footer.png,originals/v03.png,793,61,1922,1983
4,精密工程,07-footer,页脚,07-footer/v04-footer.png,originals/v04.png,867,87,1728,1815
5,黑白画册,07-footer,页脚,07-footer/v05-footer.png,originals/v05.png,822,80,1833,1913
6,地形档案,07-footer,页脚,07-footer/v06-footer.png,originals/v06.png,746,178,1930,2108
7,晨曦远征,07-footer,页脚,07-footer/v07-footer.png,originals/v07.png,839,56,1819,1875
8,杂志封面,07-footer,页脚,07-footer/v08-footer.png,originals/v08.png,725,202,1965,2167
9,全屏电影,07-footer,页脚,07-footer/v09-footer.png,originals/v09.png,748,75,2028,2103
10,工业说明书,07-footer,页脚,07-footer/v10-footer.png,originals/v10.png,1024,38,1498,1536
11,户外目录,07-footer,页脚,07-footer/v11-footer.png,originals/v11.png,768,191,1857,2048
12,瑞士网格,07-footer,页脚,07-footer/v12-footer.png,originals/v12.png,1024,83,1453,1536
13,日系精密,07-footer,页脚,07-footer/v13-footer.png,originals/v13.png,1024,111,1425,1536
14,黑橙先锋,07-footer,页脚,07-footer/v14-footer.png,originals/v14.png,776,60,1967,2027
15,地形图谱,07-footer,页脚,07-footer/v15-footer.png,originals/v15.png,772,70,1966,2036
16,故事卷轴,07-footer,页脚,07-footer/v16-footer.png,originals/v16.png,830,80,1816,1896
18,天气窗口,07-footer,页脚,07-footer/v18-footer.png,replacement-sources/v18-footer.png,2172,724,0,724
19,野外实验室,07-footer,页脚,07-footer/v19-footer.png,replacement-sources/v19-footer.png,2172,724,0,724
20,创作者远征日志,07-footer,页脚,07-footer/v20-footer.png,replacement-sources/v20-footer.png,2164,727,0,727
21,视线走廊,07-footer,页脚,07-footer/v21-footer.png,replacement-sources/v21-footer.png,2172,724,0,724
22,创作者视角,07-footer,页脚,07-footer/v22-footer.png,replacement-sources/v22-footer.png,2172,724,0,724
23,远方坐标,07-footer,页脚,07-footer/v23-footer.png,replacement-sources/v23-footer.png,2172,724,0,724
